target,mse,r2
calificacion_lengua,6.711636564814814,-0.054651283210567225
