target,mse,r2
calificacion_matematica,5.963939546296295,-0.028719953340152315
